https://github.com/keras-team/keras/commit/5c8363b4d4f8465c0197c06bed84de61282a5f97,2024-07-09
https://github.com/keras-team/keras/commit/f5d308752bc98017c47e6eb4cd29f1e61bc43796,2024-06-25
https://github.com/keras-team/keras/commit/4e0a920ea106afc36a03158b4f1a8f5a70a8e39c,2024-04-23
https://github.com/keras-team/keras/commit/5b9992297398a7d7f5ed113747f074685081a2a4,2024-04-16
https://github.com/keras-team/keras/commit/aa3a61bccca5770279ed83efd4737c0857212a9d,2024-03-23
https://github.com/keras-team/keras/commit/b2ef949cceb01c53d231a4da9cbfbaa12cea981d,2024-03-18
https://github.com/keras-team/keras/commit/c591329161302e9a413d2bde065f8fefffa7b921,2024-03-14
https://github.com/keras-team/keras/commit/4f63678a72a2e7c16c32506189e5428d93d7b945,2024-03-08
https://github.com/keras-team/keras/commit/22a4ea757b247d9c090e6b30cec41ab5975a73f6,2024-02-19
https://github.com/keras-team/keras/commit/92dcd8fd137455976d8a3880339030a894626aea,2024-02-13
https://github.com/keras-team/keras/commit/f33c02c6e47e9291d127792b13412b9ac94ae7f6,2024-02-09
https://github.com/keras-team/keras/commit/b246242a25d29af3561a1be8796596d67638c0ab,2024-02-09
https://github.com/keras-team/keras/commit/488f33301fa579328dfbdcaa14284bd1a6a07d6c,2024-01-06
https://github.com/keras-team/keras/commit/6f35f2efcb14599cc0c982cf39d51df3d56dceb9,2024-01-05
