Round,Keywords
initial,checker
initial,validating
initial,checkers
initial,checking
initial,parameter validation
initial,validation vulnerability
initial,boundary
initial,boundary validation
initial,invalid input
initial,validation bypass
initial,checks
initial,check
initial,data validation
initial,input validation
initial,validaiton
1,check if
1,add a check
1,device check
1,checks of device type
1,in this check
1,existing check
1,side effect checks
1,Relax the check
1,before checking
1,but the check
1,to check
1,adding a condition
1,adding a condition to check
1,check that
1,types checks
1,check bounds
1,"add proper checks,"
1,supports checks
1,Remove checks
1,Add an extra level of checks
1,extra level of checks
1,add check
1,check to ensure
1,within valid range
1,worth checking
1,we need to check
1,layering checks
1,checks to fix
1,Added size check
1,size check
1,version check
1,add checks
1,adds more checks
1,check in
1,add additional checks
1,add additional checks for valid
1,still checks
1,improve type checking
1,check the existence of
2,check for reductions.
2,we don't need to check
2,When checking
2,handle the case
2,checking if
2,device check
2,Checking for the attribute
2,checking for
2,We want to check that
2,VersionCheck
2,get rid of a check
2,multi-GPU fusion check
2,We have a function to check
2,value check
2,more checks
2,check only
2,conditional check
2,don't check
2,type check
2,null check
2,padding check
2,API check
2,memory kind check
2,Explicitly check
2,the checks that check
2,within range
2,check to check
2,function check
2,check if
2,legality check
2,we check
2,safety check
2,disabled checks
2,check the last element.
2,later check
2,platform check
2,duplicate checks
2,Fix check
2,Add validation to check
3,check error
3,Validate null
3,initial checks
3,check failure
3,check failed
3,edge cases
3,edge case
3,check for out of range
3,check for float
3,Skip checking
3,rank checking