https://github.com/google/jax/commit/8d33a6c9a6da3263b687cdc4bc2494bc973972ac,2024-07-26
https://github.com/google/jax/commit/5e418f5ab2692d4791816e85ed82eb0834a579cb,2024-07-25
https://github.com/google/jax/commit/220ec2aa6953423625997b516e1c1e6e96288053,2024-07-24
https://github.com/google/jax/commit/0d7531b4f12b26368387210ca504a8e37d23baa0,2024-07-22
https://github.com/google/jax/commit/ab9fc2d8393f258d8b97dcbcde3be379ac8386c1,2024-07-17
https://github.com/google/jax/commit/bb7a6995f936bec352d07f8cf2780ed2c2ab77a1,2024-07-15
https://github.com/google/jax/commit/7016ca48297dbd98b0d9481517c8566885120c04,2024-07-12
https://github.com/google/jax/commit/1e1bca0706c92907657d35ddb8f269ce507f61c6,2024-07-12
https://github.com/google/jax/commit/ff3dc0f5fb2187b69cf3e191bd1c0f66a2d2b71b,2024-07-12
https://github.com/google/jax/commit/637370baa0dcde453f8e96a7f54a23800023d39e,2024-07-12
https://github.com/google/jax/commit/ad8e6713ba692f9e51c2376360b5832aeaa60458,2024-07-10
https://github.com/google/jax/commit/4f394828e149199955142e291ec2be9231a271b4,2024-07-10
https://github.com/google/jax/commit/33bd2925f088f974a85b2520f70119b4e16d4144,2024-07-10
https://github.com/google/jax/commit/a4a9499a400d0465849e7293b85f6e39544bbe5d,2024-07-04
https://github.com/google/jax/commit/9e9acc9eccc1de7945c82cd978d99ace04d167a6,2024-07-03
https://github.com/google/jax/commit/484d09f4afd3784fb13f27ba716fb5663ee8cd05,2024-07-02
https://github.com/google/jax/commit/6becf716f36c68386eb29374b6d551ee71ec4ab3,2024-07-01
https://github.com/google/jax/commit/1a91fe76779ad3c97abb4e35a9a6070c026c2513,2024-06-28
https://github.com/google/jax/commit/061f4df82a07cb0a347be14d9f2960b1ac2c224f,2024-06-28
https://github.com/google/jax/commit/3ebebdfb76a9d9a03540b99a224a02ed547c3969,2024-06-28
https://github.com/google/jax/commit/d737abda4874c0571b4e38b03cd98444d9e558e5,2024-06-23
https://github.com/google/jax/commit/afa6e6751a98b081803342ed5053a177b32f54e5,2024-06-13
https://github.com/google/jax/commit/97db0e758d4280204ba605226795bc8643e40517,2024-06-12
https://github.com/google/jax/commit/70f6ab3128a5d7ef26c924e4c2c51d0301bd58ea,2024-06-11
https://github.com/google/jax/commit/0786da8fd880515ba156a345f4a703c87f7382e3,2024-06-07
https://github.com/google/jax/commit/fbf2a62aa128cbb171ace64faaa9e9b1ceca5f7b,2024-06-06
https://github.com/google/jax/commit/a46d5c2a300e12e28359df101901fb7309f3b6ce,2024-06-04
https://github.com/google/jax/commit/2333d5c7c3214feb9828bb8f67fa6ea50e4a10ef,2024-06-04
https://github.com/google/jax/commit/10d78279661674c11d5a75e384e8f5c791807075,2024-06-04
https://github.com/google/jax/commit/84dee133ad5a7eebb0f22c5c8fab3a68068b4cef,2024-06-03
https://github.com/google/jax/commit/7c471e25335b87182e14de560f700ea98c138128,2024-06-03
https://github.com/google/jax/commit/3984d822ba7f6ab94beb7bc7d0298c39464920d3,2024-05-30
https://github.com/google/jax/commit/daa99025b9428fd961b184934d55b080811f0706,2024-05-30
https://github.com/google/jax/commit/cc0a20f4b1300a1366faf0ee77fda973b9f303b2,2024-05-29
https://github.com/google/jax/commit/818e7d92a4b88d17c73e8eb4d4b26d9e265a4e0d,2024-05-28
https://github.com/google/jax/commit/7dbab168fd5dc9f4f97e792d6569a2e34625e947,2024-05-27
https://github.com/google/jax/commit/707cd9a077ca2569c7716f0ef3bfa4d27a80eeaa,2024-05-23
https://github.com/google/jax/commit/5ae2491853563a47beb942e80808ec1452932de1,2024-05-22
https://github.com/google/jax/commit/99485297350d69658d417a73ffb7277d8be1049b,2024-05-21
https://github.com/google/jax/commit/b197ae527e632b76e438cc3896d75f79b478bfa7,2024-05-20
https://github.com/google/jax/commit/cc3a380f7638ec8d0454c1f129b7559a2a578fc2,2024-05-20
https://github.com/google/jax/commit/bb400756fc1196cbb383bdc26893fc2d61a0ee22,2024-05-15
https://github.com/google/jax/commit/09a4b38ae2be601101aac032468ab92c92ec92f5,2024-05-15
https://github.com/google/jax/commit/11a45138a5707eedfd05f322ac4e4d749260054b,2024-05-15
https://github.com/google/jax/commit/98aead70ebcc184b2ba92b524431efaa5b02171c,2024-05-13
https://github.com/google/jax/commit/78d4d0a498082547166f549c568a9727588625d1,2024-05-13
https://github.com/google/jax/commit/ba8480a2129916d7a54cc2631f444b3cbf020994,2024-05-12
https://github.com/google/jax/commit/6f79093cffdc5a14ab1cedaeef269482908b1897,2024-05-09
https://github.com/google/jax/commit/65d4c688e06bd4b22d7e1c2235b8a1aaa7af3195,2024-05-08
https://github.com/google/jax/commit/7a87010f843adf44bbfaf1739187c61fa26672ea,2024-05-03
https://github.com/google/jax/commit/51fc4f85ad03149a7250703d4b9e72b2fcb27d3b,2024-05-02
https://github.com/google/jax/commit/582c56a7070ff972ac66848e245592103596c948,2024-05-02
https://github.com/google/jax/commit/442526869f638637e4a60ee0aaf26aef8c04f953,2024-05-01
https://github.com/google/jax/commit/9bf1148e74a4190bf5d466488f11d7d3cde4887c,2024-05-01
https://github.com/google/jax/commit/26a3d3dc020406ca87ede46c5ad8a27952d28a19,2024-04-23
https://github.com/google/jax/commit/837f0bbf6f667bacb85243e84d9a75e6b6eef1c7,2024-04-19
https://github.com/google/jax/commit/7cb0e601de85e5b949ed07b0969cb658052e09ac,2024-04-17
https://github.com/google/jax/commit/192e2b6ce9176e302e3ecab6f8e154dcfa857602,2024-04-15
https://github.com/google/jax/commit/2be72052ae5e04f11bff61b0133f54997f825a17,2024-04-11
https://github.com/google/jax/commit/10dbfcf7476532fc334e7aa62755c9d93e66c95d,2024-04-10
https://github.com/google/jax/commit/0d8eb45c2062be98059bdcbd3c7b8a2cc99c13a6,2024-04-10
https://github.com/google/jax/commit/69bf3b866cd75551e01e801bcb97b413c4d065ba,2024-04-09
https://github.com/google/jax/commit/7413894b86e5bc3d869b743fd5619547cf69e91b,2024-04-05
https://github.com/google/jax/commit/3d4687fbfcee037f4899e12086e4ce8cad285fe0,2024-04-04
https://github.com/google/jax/commit/55233a00291716fc291287b4d2fc5372bafc5dd1,2024-04-04
https://github.com/google/jax/commit/011ced4431d0f58837f9c48bda854df78664c0af,2024-04-01
https://github.com/google/jax/commit/75db481299cf774cefbd271539fbccb91a93d5d4,2024-03-26
https://github.com/google/jax/commit/f51d80ed1eda737da9353d7b52cfa0ad0ab0b59f,2024-03-25
https://github.com/google/jax/commit/25d01e983cab99bed8482944c40de7a9139242e7,2024-03-25
https://github.com/google/jax/commit/2a4e1caac465bb4cb448e7370b23a822cce699e2,2024-03-25
https://github.com/google/jax/commit/1f81477214176bd14922b47800942a09d6c86f3f,2024-03-23
https://github.com/google/jax/commit/0e092a77067dbbce33cfd6d54a46e743b779919b,2024-03-22
https://github.com/google/jax/commit/d57bb8c7489a77981bae9a9e2dad04de0c681118,2024-03-21
https://github.com/google/jax/commit/74f4846d14b12380f6eb742b86abfdea09666f13,2024-03-21
https://github.com/google/jax/commit/f759452219b2b9f3df4f5d89e6af7acbdfde8170,2024-03-19
https://github.com/google/jax/commit/bc363de8a5849ab7d25912d2df87678d8f23e92d,2024-03-18
https://github.com/google/jax/commit/566af12acaef2d638a4a5845b447633d19c46961,2024-03-17
https://github.com/google/jax/commit/204ee7ff0b69ddd6a930af495026334bfca1422b,2024-03-14
https://github.com/google/jax/commit/6f38f277b983c65086515f6e1062253514d5e544,2024-03-14
https://github.com/google/jax/commit/1326c74db7f25b7224412fbe6f69f43d17a90e6a,2024-03-13
https://github.com/google/jax/commit/1cb8d31c665bf88ed2b437431f79ae56bf18e368,2024-03-06
https://github.com/google/jax/commit/84d11d7b114485453fca8814364486daf224fc49,2024-03-04
https://github.com/google/jax/commit/d08e9a03d8548650e132ada0bf333a73251c3e32,2024-02-29
https://github.com/google/jax/commit/087f99a31c284df6b0f3a81cab3610e104accc64,2024-02-29
https://github.com/google/jax/commit/550ce44afdef0e9ca4e0f80ea1c5a718265f787d,2024-02-28
https://github.com/google/jax/commit/3dbbfefef83c345de18e581f3e574b3aa8e94041,2024-02-27
https://github.com/google/jax/commit/fdbee314d35b4539fd4977e1cf7dab8beb0c0a13,2024-02-27
https://github.com/google/jax/commit/57e34e1a2ce4610a93d87931b78b9c6898718549,2024-02-26
https://github.com/google/jax/commit/ca1844dd60ea527356028b0f3d91cf3366a02e35,2024-02-26
https://github.com/google/jax/commit/61aa7e89aaf7837befb0e3792c1dd99ca3f847e2,2024-02-23
https://github.com/google/jax/commit/4e61c8856be2fff91d2c519b8e9ff5f03f141165,2024-02-23
https://github.com/google/jax/commit/46ec581c5598296935a84535732a8a7147199196,2024-02-19
https://github.com/google/jax/commit/243e7edc5667564184b6a093bf98774617237afd,2024-02-15
https://github.com/google/jax/commit/273b5e29de25cc1e0777ce3fa21f4bfb995dc13c,2024-02-15
https://github.com/google/jax/commit/b4c8b0e4fbcbe815dcb76c974f62d9512ed2ce36,2024-02-14
https://github.com/google/jax/commit/66a4dc59c69d0c34693c3c046135298eee1286d1,2024-02-13
https://github.com/google/jax/commit/5833b0767b92417505eb99cde1839839551d4867,2024-02-13
https://github.com/google/jax/commit/59307e96251cec8ac416db99f4967a5699465480,2024-02-09
https://github.com/google/jax/commit/983bb32ae61bc8c9837b737ee8039e337968f441,2024-02-08
https://github.com/google/jax/commit/cd1332eec6de8e99be70c066b636cb5c4e1d5a4c,2024-01-29
https://github.com/google/jax/commit/ebfce197ea0972c693bd31c546243a83205a6c9d,2024-01-24
https://github.com/google/jax/commit/55c9ed614cb3228895935a609d9b21f3e77e7838,2024-01-15
https://github.com/google/jax/commit/78b46043b08f6ee8a8e7ba810ad10e7e19841806,2024-01-15
https://github.com/google/jax/commit/da96633f1137b1c663a3b95be996ad38566098d9,2024-01-08
https://github.com/google/jax/commit/69788d18b6da4358cc288b10468f575120bb4825,2024-01-08
https://github.com/google/jax/commit/cd0e10f29b9983080c9e1a5a4e39a7b16726dda6,2024-01-07
https://github.com/google/jax/commit/085b23d10db60da138cd881ec08c2b5291abc42f,2024-01-05
https://github.com/google/jax/commit/ea66029731413a30f57a15e942b794288c1253a3,2024-01-04
https://github.com/google/jax/commit/a678015c7428722a5edf3427b99d00f2049fce6c,2024-01-02
https://github.com/google/jax/commit/0419e014f1e0a7970f3afbb9bef10fc477c84496,2024-01-02
https://github.com/google/jax/commit/1044c4f9e3927f77d9e64ae2c7ac2163f86b9825,2024-01-02
